<?xml version="1.0" encoding="UTF-8"?>
<metadata xml:lang="en"><mdDateSt>20150317</mdDateSt><dataIdInfo><envirDesc>Microsoft Windows 7 Version 6.1 (Build 7601) Service Pack 1; Esri ArcGIS 10.3.0.4322</envirDesc><dataLang><languageCode value="eng"/><countryCode value="USA"/></dataLang><idCitation><resTitle>USE_TEMPLATE_SLA_to_EEZ</resTitle><presForm><PresFormCd value="005"/></presForm></idCitation><spatRpType><SpatRepTypCd value="001"/></spatRpType><dataExt><geoEle><GeoBndBox esriExtentType="search"><exTypeCode>1</exTypeCode><westBL>-81.399343</westBL><eastBL>-65.699472</eastBL><northBL>44.769021</northBL><southBL>24.161602</southBL></GeoBndBox></geoEle></dataExt></dataIdInfo><mdLang><languageCode value="eng"/><countryCode value="USA"/></mdLang><mdChar><CharSetCd value="004"/></mdChar><distInfo><distFormat><formatName>Shapefile</formatName></distFormat><distTranOps><transSize>2.595</transSize></distTranOps></distInfo><mdHrLv><ScopeCd value="005"/></mdHrLv><mdHrLvName>dataset</mdHrLvName><refSysInfo><RefSystem><refSysID><identCode code="4269"/><idCodeSpace>EPSG</idCodeSpace><idVersion>8.2.6</idVersion></refSysID></RefSystem></refSysInfo><spatRepInfo><VectSpatRep><geometObjs><geoObjTyp><GeoObjTypCd value="002"/></geoObjTyp><geoObjCnt>1</geoObjCnt></geometObjs><topLvl><TopoLevCd value="001"/></topLvl></VectSpatRep></spatRepInfo><spdoinfo><ptvctinf/></spdoinfo><eainfo><detailed><enttyp><enttypl>USE_TEMPLATE_SLA_to_EEZ</enttypl></enttyp><attr><attrlabl>FID</attrlabl><attrdef>Internal feature number.</attrdef><attrdefs>Esri</attrdefs><attrdomv><udom>Sequential unique whole numbers that are automatically generated.</udom></attrdomv></attr><attr><attrlabl>Shape</attrlabl><attrdef>Feature geometry.</attrdef><attrdefs>Esri</attrdefs><attrdomv><udom>Coordinates defining the features.</udom></attrdomv></attr><attr><attrlabl>AREANAME</attrlabl></attr><attr><attrlabl>COMMNAME</attrlabl></attr></detailed></eainfo><Esri><DataProperties><copyHistory><copy source="C:\Users\michael.asaro\Desktop\Dean\TRT_Areas\3nmi_to_EEZ_Boundary" dest="\\NERLPRDFGPVVD2\C$\Users\michael.asaro\Desktop\Final Shapefiles\3nmi_to_EEZ_Boundary" date="20190424" time="19363400"></copy></copyHistory><itemProps><itemLocation><linkage Sync="TRUE">file://\\NERLPRDFGPVVD2\C$\Users\michael.asaro\Desktop\Final Shapefiles\3nmi_to_EEZ_Boundary</linkage><protocol Sync="TRUE">Local Area Network</protocol></itemLocation></itemProps></DataProperties><CreaDate>20190424</CreaDate><CreaTime>19363400</CreaTime><SyncOnce>TRUE</SyncOnce></Esri></metadata>
