<?xml version="1.0" encoding="UTF-8"?>
<metadata xml:lang="en"><dataIdInfo><envirDesc>Microsoft Windows XP Version 5.1 (Build 2600) Service Pack 3; ESRI ArcGIS 10.0.3.3600</envirDesc><dataLang><languageCode value="en"/><countryCode value="US"/></dataLang><idCitation><resTitle>TEMPLATE_POLYGON_Coast_to_EEZ_2</resTitle><presForm><PresFormCd value="005"/></presForm></idCitation><spatRpType><SpatRepTypCd value="001"/></spatRpType><dataExt><geoEle><GeoBndBox esriExtentType="search"><exTypeCode>1</exTypeCode><westBL>-82.041618</westBL><eastBL>-65.699472</eastBL><northBL>45.191797</northBL><southBL>24.161602</southBL></GeoBndBox></geoEle></dataExt></dataIdInfo><mdLang><languageCode value="en"/><countryCode value="US"/></mdLang><mdChar><CharSetCd value="004"/></mdChar><distInfo><distFormat><formatName>Shapefile</formatName></distFormat><distTranOps><transSize>0.000</transSize></distTranOps></distInfo><mdHrLv><ScopeCd value="005"/></mdHrLv><mdHrLvName>dataset</mdHrLvName><refSysInfo><RefSystem><refSysID><identCode code="4269"/><idCodeSpace>EPSG</idCodeSpace><idVersion>7.4.1</idVersion></refSysID></RefSystem></refSysInfo><spatRepInfo><VectSpatRep><geometObjs><geoObjTyp><GeoObjTypCd value="002"/></geoObjTyp><geoObjCnt>1</geoObjCnt></geometObjs><topLvl><TopoLevCd value="001"/></topLvl></VectSpatRep></spatRepInfo><spdoinfo><ptvctinf/></spdoinfo><eainfo><detailed><enttyp><enttypl>TEMPLATE_POLYGON_Coast_to_EEZ_2</enttypl></enttyp><attr><attrlabl>FID</attrlabl><attrdef>Internal feature number.</attrdef><attrdefs>ESRI</attrdefs><attrdomv><udom>Sequential unique whole numbers that are automatically generated.</udom></attrdomv></attr><attr><attrlabl>Shape</attrlabl><attrdef>Feature geometry.</attrdef><attrdefs>ESRI</attrdefs><attrdomv><udom>Coordinates defining the features.</udom></attrdomv></attr><attr><attrlabl>AREANAME</attrlabl></attr><attr><attrlabl>COMMNAME</attrlabl></attr></detailed></eainfo><mdDateSt>20111026</mdDateSt><Esri><DataProperties><copyHistory><copy source="C:\Users\michael.asaro\Desktop\Dean\TRT_Areas\Coast_to_12nmi" dest="\\NERLPRDFGPVVD2\C$\Users\michael.asaro\Desktop\Final Shapefiles\Coast_to_12nmi" date="20190424" time="19363400"></copy></copyHistory><itemProps><itemLocation><linkage Sync="TRUE">file://\\NERLPRDFGPVVD2\C$\Users\michael.asaro\Desktop\Final Shapefiles\Coast_to_12nmi</linkage><protocol Sync="TRUE">Local Area Network</protocol></itemLocation></itemProps></DataProperties><CreaDate>20190424</CreaDate><CreaTime>19363400</CreaTime><SyncOnce>TRUE</SyncOnce></Esri></metadata>
