<?xml version="1.0" encoding="UTF-8"?>
<metadata xml:lang="en"><dataIdInfo><envirDesc>Microsoft Windows XP Version 5.1 (Build 2600) Service Pack 3; ESRI ArcGIS 10.0.4.4000</envirDesc><dataLang><languageCode value="en"/><countryCode value="US"/></dataLang><idCitation><resTitle>Coast_to_SLA</resTitle><presForm><PresFormCd value="005"/></presForm></idCitation><spatRpType><SpatRepTypCd value="001"/></spatRpType></dataIdInfo><mdLang><languageCode value="en"/><countryCode value="US"/></mdLang><mdChar><CharSetCd value="004"/></mdChar><distInfo><distFormat><formatName>Shapefile</formatName></distFormat><distTranOps><transSize>0.000</transSize></distTranOps></distInfo><mdHrLv><ScopeCd value="005"/></mdHrLv><mdHrLvName>dataset</mdHrLvName><refSysInfo><RefSystem><refSysID><identCode code="4269" value="4269"/><idCodeSpace>EPSG</idCodeSpace><idVersion>7.4.1</idVersion></refSysID></RefSystem></refSysInfo><spatRepInfo><VectSpatRep><geometObjs><geoObjTyp><GeoObjTypCd value="002"/></geoObjTyp><geoObjCnt>0</geoObjCnt></geometObjs><topLvl><TopoLevCd value="001"/></topLvl></VectSpatRep></spatRepInfo><spdoinfo><ptvctinf/></spdoinfo><eainfo><detailed><enttyp><enttypl>Coast_to_SLA</enttypl></enttyp><attr><attrlabl>FID</attrlabl><attrdef>Internal feature number.</attrdef><attrdefs>ESRI</attrdefs><attrdomv><udom>Sequential unique whole numbers that are automatically generated.</udom></attrdomv></attr><attr><attrlabl>Shape</attrlabl><attrdef>Feature geometry.</attrdef><attrdefs>ESRI</attrdefs><attrdomv><udom>Coordinates defining the features.</udom></attrdomv></attr><attr><attrlabl>Id</attrlabl></attr><attr><attrlabl>AREANAME</attrlabl></attr><attr><attrlabl>COMMNAME</attrlabl></attr><attr><attrlabl>AREAGROUP</attrlabl></attr><attr><attrlabl>AREATYPE</attrlabl></attr><attr><attrlabl>DESCRIBE</attrlabl></attr><attr><attrlabl>CFRTITLE</attrlabl></attr><attr><attrlabl>CFRPT</attrlabl></attr><attr><attrlabl>CFRPTTXT</attrlabl></attr><attr><attrlabl>CFRSUB</attrlabl></attr><attr><attrlabl>CFRSUBTXT</attrlabl></attr><attr><attrlabl>CFRSXN</attrlabl></attr><attr><attrlabl>CFRSXNTXT</attrlabl></attr><attr><attrlabl>CFRPARA</attrlabl></attr><attr><attrlabl>CFRPARATXT</attrlabl></attr><attr><attrlabl>FRCITE</attrlabl></attr><attr><attrlabl>FRDATE</attrlabl></attr><attr><attrlabl>EFFECTDATE</attrlabl></attr><attr><attrlabl>SOURCE</attrlabl></attr><attr><attrlabl>RECUR</attrlabl></attr><attr><attrlabl>RECURST</attrlabl></attr><attr><attrlabl>RECUREND</attrlabl></attr><attr><attrlabl>AUTHOR</attrlabl></attr><attr><attrlabl>CREATED</attrlabl></attr></detailed></eainfo><mdDateSt>20150317</mdDateSt><Esri><DataProperties><copyHistory><copy source="C:\Users\michael.asaro\Desktop\Dean\TRT_Areas\Coast_to_3nmi" dest="\\NERLPRDFGPVVD2\C$\Users\michael.asaro\Desktop\Final Shapefiles\Coast_to_3nmi" date="20190424" time="19363400"></copy></copyHistory><itemProps><itemLocation><linkage Sync="TRUE">file://\\NERLPRDFGPVVD2\C$\Users\michael.asaro\Desktop\Final Shapefiles\Coast_to_3nmi</linkage><protocol Sync="TRUE">Local Area Network</protocol></itemLocation></itemProps></DataProperties><CreaDate>20190424</CreaDate><CreaTime>19363400</CreaTime><SyncOnce>TRUE</SyncOnce></Esri></metadata>
