<?xml version="1.0" encoding="UTF-8"?>
<metadata xml:lang="en"><Esri><CreaDate>20190424</CreaDate><CreaTime>19111700</CreaTime><ArcGISstyle>FGDC CSDGM Metadata</ArcGISstyle><SyncOnce>FALSE</SyncOnce><DataProperties><itemProps><itemName Sync="TRUE">DRAFT_ALWTRP_Exempted_and_Regulated_Waters</itemName><itemSize Sync="TRUE">16.561</itemSize><itemLocation><linkage Sync="TRUE">file://\\NERLPRDFGPVVD2\C$\Users\michael.asaro\Desktop\Dean\ALWTRP_Exempted_and_Regulated_Waters</linkage><protocol Sync="TRUE">Local Area Network</protocol></itemLocation><nativeExtBox><westBL Sync="TRUE">-82.041618</westBL><eastBL Sync="TRUE">-65.699472</eastBL><southBL Sync="TRUE">24.161602</southBL><northBL Sync="TRUE">45.191797</northBL><exTypeCode Sync="TRUE">1</exTypeCode></nativeExtBox><imsContentType Sync="TRUE">002</imsContentType></itemProps><coordRef><type Sync="TRUE">Geographic</type><geogcsn Sync="TRUE">GCS_North_American_1983</geogcsn><csUnits Sync="TRUE">Angular Unit: Degree (0.017453)</csUnits><peXml Sync="TRUE">&lt;GeographicCoordinateSystem xsi:type='typens:GeographicCoordinateSystem' xmlns:xsi='http://www.w3.org/2001/XMLSchema-instance' xmlns:xs='http://www.w3.org/2001/XMLSchema' xmlns:typens='http://www.esri.com/schemas/ArcGIS/10.0'&gt;&lt;WKT&gt;GEOGCS[&amp;quot;GCS_North_American_1983&amp;quot;,DATUM[&amp;quot;D_North_American_1983&amp;quot;,SPHEROID[&amp;quot;GRS_1980&amp;quot;,6378137.0,298.257222101]],PRIMEM[&amp;quot;Greenwich&amp;quot;,0.0],UNIT[&amp;quot;Degree&amp;quot;,0.0174532925199433],AUTHORITY[&amp;quot;EPSG&amp;quot;,4269]]&lt;/WKT&gt;&lt;XOrigin&gt;-400&lt;/XOrigin&gt;&lt;YOrigin&gt;-400&lt;/YOrigin&gt;&lt;XYScale&gt;11258999068426.238&lt;/XYScale&gt;&lt;ZOrigin&gt;-100000&lt;/ZOrigin&gt;&lt;ZScale&gt;10000&lt;/ZScale&gt;&lt;MOrigin&gt;-100000&lt;/MOrigin&gt;&lt;MScale&gt;10000&lt;/MScale&gt;&lt;XYTolerance&gt;8.9831528411952133e-009&lt;/XYTolerance&gt;&lt;ZTolerance&gt;0.001&lt;/ZTolerance&gt;&lt;MTolerance&gt;0.001&lt;/MTolerance&gt;&lt;HighPrecision&gt;true&lt;/HighPrecision&gt;&lt;LeftLongitude&gt;-180&lt;/LeftLongitude&gt;&lt;WKID&gt;4269&lt;/WKID&gt;&lt;/GeographicCoordinateSystem&gt;</peXml></coordRef><lineage><Process ToolSource="c:\program files\arcgis\desktop10.0\ArcToolbox\Toolboxes\Analysis Tools.tbx\Erase" Date="20111026" Time="163119">Erase TEMPLATE_POLYGON_Coast_to_EEZ Atlantic_Coast \\Nerserver8b\GISDATA\_DEAN_staging\PROJECTS\SFD___REG_AREAS_CREATION\TEMPLATE_POLYGON_Coast_to_EEZ_2.shp #</Process><Process ToolSource="c:\program files\arcgis\desktop10.0\ArcToolbox\Toolboxes\Data Management Tools.tbx\AddField" Date="20120125" Time="104513">AddField M:\_DEAN_staging\PROJECTS\SFD___REG_AREAS_CREATION\data\1_raw\USE_TEMPLATE_Coast_to_EEZ.shp AREANAME TEXT # # 50 # NON_NULLABLE NON_REQUIRED #</Process><Process Name="Add TEMP field" ToolSource="C:\Program Files\ArcGIS\Desktop10.0\ArcToolbox\Toolboxes\Data Management Tools.tbx\AddField" Date="20120320" Time="143207">AddField \\Nerserver8b\GISDATA\_DEAN_staging\PROJECTS\SFD___REG_AREAS_CREATION\data\1_raw\USE_TEMPLATE_Coast_to_EEZ.shp temp2 TEXT # # 255 # NON_NULLABLE NON_REQUIRED #</Process><Process Name="Calculate TEMP field" ToolSource="C:\Program Files\ArcGIS\Desktop10.0\ArcToolbox\Toolboxes\Data Management Tools.tbx\CalculateField" Date="20120320" Time="143223">CalculateField \\Nerserver8b\GISDATA\_DEAN_staging\PROJECTS\SFD___REG_AREAS_CREATION\data\1_raw\USE_TEMPLATE_Coast_to_EEZ.shp temp2 [AREANAME] VB #</Process><Process Name="Delete AREANAME field" ToolSource="C:\Program Files\ArcGIS\Desktop10.0\ArcToolbox\Toolboxes\Data Management Tools.tbx\DeleteField" Date="20120320" Time="143224">DeleteField \\Nerserver8b\GISDATA\_DEAN_staging\PROJECTS\SFD___REG_AREAS_CREATION\data\1_raw\USE_TEMPLATE_Coast_to_EEZ.shp AREANAME</Process><Process Name="AREANAME" ToolSource="C:\Program Files\ArcGIS\Desktop10.0\ArcToolbox\Toolboxes\Data Management Tools.tbx\AddField" Date="20120320" Time="143226">AddField \\Nerserver8b\GISDATA\_DEAN_staging\PROJECTS\SFD___REG_AREAS_CREATION\data\1_raw\USE_TEMPLATE_Coast_to_EEZ.shp AREANAME TEXT # # 150 "Area Name" NON_NULLABLE NON_REQUIRED #</Process><Process Name="Calculate AREANAME field" ToolSource="C:\Program Files\ArcGIS\Desktop10.0\ArcToolbox\Toolboxes\Data Management Tools.tbx\CalculateField" Date="20120320" Time="143241">CalculateField \\Nerserver8b\GISDATA\_DEAN_staging\PROJECTS\SFD___REG_AREAS_CREATION\data\1_raw\USE_TEMPLATE_Coast_to_EEZ.shp AREANAME [temp2] VB #</Process><Process Name="Delete TEMP Field" ToolSource="C:\Program Files\ArcGIS\Desktop10.0\ArcToolbox\Toolboxes\Data Management Tools.tbx\DeleteField" Date="20120320" Time="143242">DeleteField \\Nerserver8b\GISDATA\_DEAN_staging\PROJECTS\SFD___REG_AREAS_CREATION\data\1_raw\USE_TEMPLATE_Coast_to_EEZ.shp temp2</Process><Process Name="COMMNAME" ToolSource="C:\Program Files\ArcGIS\Desktop10.0\ArcToolbox\Toolboxes\Data Management Tools.tbx\AddField" Date="20120320" Time="143244">AddField \\Nerserver8b\GISDATA\_DEAN_staging\PROJECTS\SFD___REG_AREAS_CREATION\data\1_raw\USE_TEMPLATE_Coast_to_EEZ.shp COMMNAME TEXT # # 150 "Common Name" NON_NULLABLE NON_REQUIRED #</Process><Process Name="AREAGROUP" ToolSource="C:\Program Files\ArcGIS\Desktop10.0\ArcToolbox\Toolboxes\Data Management Tools.tbx\AddField" Date="20120320" Time="143245">AddField \\Nerserver8b\GISDATA\_DEAN_staging\PROJECTS\SFD___REG_AREAS_CREATION\data\1_raw\USE_TEMPLATE_Coast_to_EEZ.shp AREAGROUP TEXT # # 150 "Area Group" NON_NULLABLE NON_REQUIRED #</Process><Process Name="AREATYPE" ToolSource="C:\Program Files\ArcGIS\Desktop10.0\ArcToolbox\Toolboxes\Data Management Tools.tbx\AddField" Date="20120320" Time="143247">AddField \\Nerserver8b\GISDATA\_DEAN_staging\PROJECTS\SFD___REG_AREAS_CREATION\data\1_raw\USE_TEMPLATE_Coast_to_EEZ.shp AREATYPE TEXT # # 150 "Area Type" NON_NULLABLE NON_REQUIRED #</Process><Process Name="DESCRIBE" ToolSource="C:\Program Files\ArcGIS\Desktop10.0\ArcToolbox\Toolboxes\Data Management Tools.tbx\AddField" Date="20120320" Time="143248">AddField \\Nerserver8b\GISDATA\_DEAN_staging\PROJECTS\SFD___REG_AREAS_CREATION\data\1_raw\USE_TEMPLATE_Coast_to_EEZ.shp DESCRIBE TEXT # # 255 Description NON_NULLABLE NON_REQUIRED #</Process><Process Name="CFRTITLE" ToolSource="C:\Program Files\ArcGIS\Desktop10.0\ArcToolbox\Toolboxes\Data Management Tools.tbx\AddField" Date="20120320" Time="143250">AddField \\Nerserver8b\GISDATA\_DEAN_staging\PROJECTS\SFD___REG_AREAS_CREATION\data\1_raw\USE_TEMPLATE_Coast_to_EEZ.shp CFRTITLE TEXT # # 2 "CFR Title" NON_NULLABLE NON_REQUIRED #</Process><Process Name="CFRPT" ToolSource="C:\Program Files\ArcGIS\Desktop10.0\ArcToolbox\Toolboxes\Data Management Tools.tbx\AddField" Date="20120320" Time="143251">AddField \\Nerserver8b\GISDATA\_DEAN_staging\PROJECTS\SFD___REG_AREAS_CREATION\data\1_raw\USE_TEMPLATE_Coast_to_EEZ.shp CFRPT TEXT # # 3 "CFR Part" NON_NULLABLE NON_REQUIRED #</Process><Process Name="CFRPTTXT" ToolSource="C:\Program Files\ArcGIS\Desktop10.0\ArcToolbox\Toolboxes\Data Management Tools.tbx\AddField" Date="20120320" Time="143253">AddField \\Nerserver8b\GISDATA\_DEAN_staging\PROJECTS\SFD___REG_AREAS_CREATION\data\1_raw\USE_TEMPLATE_Coast_to_EEZ.shp CFRPTTXT TEXT # # 150 "CFR Part Text" NON_NULLABLE NON_REQUIRED #</Process><Process Name="CFRSUB" ToolSource="C:\Program Files\ArcGIS\Desktop10.0\ArcToolbox\Toolboxes\Data Management Tools.tbx\AddField" Date="20120320" Time="143254">AddField \\Nerserver8b\GISDATA\_DEAN_staging\PROJECTS\SFD___REG_AREAS_CREATION\data\1_raw\USE_TEMPLATE_Coast_to_EEZ.shp CFRSUB TEXT # # 2 "CFR Subpart" NON_NULLABLE NON_REQUIRED #</Process><Process Name="CFRSUBTXT" ToolSource="C:\Program Files\ArcGIS\Desktop10.0\ArcToolbox\Toolboxes\Data Management Tools.tbx\AddField" Date="20120320" Time="143256">AddField \\Nerserver8b\GISDATA\_DEAN_staging\PROJECTS\SFD___REG_AREAS_CREATION\data\1_raw\USE_TEMPLATE_Coast_to_EEZ.shp CFRSUBTXT TEXT # # 150 "CFR Subpart Text" NON_NULLABLE NON_REQUIRED #</Process><Process Name="CFRSXN" ToolSource="C:\Program Files\ArcGIS\Desktop10.0\ArcToolbox\Toolboxes\Data Management Tools.tbx\AddField" Date="20120320" Time="143257">AddField \\Nerserver8b\GISDATA\_DEAN_staging\PROJECTS\SFD___REG_AREAS_CREATION\data\1_raw\USE_TEMPLATE_Coast_to_EEZ.shp CFRSXN TEXT # # 15 "CFR Section" NON_NULLABLE NON_REQUIRED #</Process><Process Name="CFRSXNTXT" ToolSource="C:\Program Files\ArcGIS\Desktop10.0\ArcToolbox\Toolboxes\Data Management Tools.tbx\AddField" Date="20120320" Time="143259">AddField \\Nerserver8b\GISDATA\_DEAN_staging\PROJECTS\SFD___REG_AREAS_CREATION\data\1_raw\USE_TEMPLATE_Coast_to_EEZ.shp CFRSXNTXT TEXT # # 150 "CFR Section Text" NON_NULLABLE NON_REQUIRED #</Process><Process Name="CFRPARA" ToolSource="C:\Program Files\ArcGIS\Desktop10.0\ArcToolbox\Toolboxes\Data Management Tools.tbx\AddField" Date="20120320" Time="143301">AddField \\Nerserver8b\GISDATA\_DEAN_staging\PROJECTS\SFD___REG_AREAS_CREATION\data\1_raw\USE_TEMPLATE_Coast_to_EEZ.shp CFRPARA TEXT # # 25 "CFR Paragraph" NON_NULLABLE NON_REQUIRED #</Process><Process Name="CFRPARATXT" ToolSource="C:\Program Files\ArcGIS\Desktop10.0\ArcToolbox\Toolboxes\Data Management Tools.tbx\AddField" Date="20120320" Time="143302">AddField \\Nerserver8b\GISDATA\_DEAN_staging\PROJECTS\SFD___REG_AREAS_CREATION\data\1_raw\USE_TEMPLATE_Coast_to_EEZ.shp CFRPARATXT TEXT # # 150 "CFR Paragraph Text" NON_NULLABLE NON_REQUIRED #</Process><Process Name="FRCITE" ToolSource="C:\Program Files\ArcGIS\Desktop10.0\ArcToolbox\Toolboxes\Data Management Tools.tbx\AddField" Date="20120320" Time="143304">AddField \\Nerserver8b\GISDATA\_DEAN_staging\PROJECTS\SFD___REG_AREAS_CREATION\data\1_raw\USE_TEMPLATE_Coast_to_EEZ.shp FRCITE TEXT # # 255 "FR Citation" NON_NULLABLE NON_REQUIRED #</Process><Process Name="FRDATE" ToolSource="C:\Program Files\ArcGIS\Desktop10.0\ArcToolbox\Toolboxes\Data Management Tools.tbx\AddField" Date="20120320" Time="143305">AddField \\Nerserver8b\GISDATA\_DEAN_staging\PROJECTS\SFD___REG_AREAS_CREATION\data\1_raw\USE_TEMPLATE_Coast_to_EEZ.shp FRDATE DATE # # # "FR Date" NON_NULLABLE NON_REQUIRED #</Process><Process Name="EFFECTDATE" ToolSource="C:\Program Files\ArcGIS\Desktop10.0\ArcToolbox\Toolboxes\Data Management Tools.tbx\AddField" Date="20120320" Time="143307">AddField \\Nerserver8b\GISDATA\_DEAN_staging\PROJECTS\SFD___REG_AREAS_CREATION\data\1_raw\USE_TEMPLATE_Coast_to_EEZ.shp EFFECTDATE DATE # # # "Effective Date" NON_NULLABLE NON_REQUIRED #</Process><Process Name="SOURCE" ToolSource="C:\Program Files\ArcGIS\Desktop10.0\ArcToolbox\Toolboxes\Data Management Tools.tbx\AddField" Date="20120320" Time="143309">AddField \\Nerserver8b\GISDATA\_DEAN_staging\PROJECTS\SFD___REG_AREAS_CREATION\data\1_raw\USE_TEMPLATE_Coast_to_EEZ.shp SOURCE TEXT # # 255 Source NON_NULLABLE NON_REQUIRED #</Process><Process Name="RECUR" ToolSource="C:\Program Files\ArcGIS\Desktop10.0\ArcToolbox\Toolboxes\Data Management Tools.tbx\AddField" Date="20120320" Time="143310">AddField \\Nerserver8b\GISDATA\_DEAN_staging\PROJECTS\SFD___REG_AREAS_CREATION\data\1_raw\USE_TEMPLATE_Coast_to_EEZ.shp RECUR TEXT # # 150 Recurrence NON_NULLABLE NON_REQUIRED #</Process><Process Name="RECURST" ToolSource="C:\Program Files\ArcGIS\Desktop10.0\ArcToolbox\Toolboxes\Data Management Tools.tbx\AddField" Date="20120320" Time="143312">AddField \\Nerserver8b\GISDATA\_DEAN_staging\PROJECTS\SFD___REG_AREAS_CREATION\data\1_raw\USE_TEMPLATE_Coast_to_EEZ.shp RECURST DATE # # # "Recur Start" NON_NULLABLE NON_REQUIRED #</Process><Process Name="RECUREND" ToolSource="C:\Program Files\ArcGIS\Desktop10.0\ArcToolbox\Toolboxes\Data Management Tools.tbx\AddField" Date="20120320" Time="143314">AddField \\Nerserver8b\GISDATA\_DEAN_staging\PROJECTS\SFD___REG_AREAS_CREATION\data\1_raw\USE_TEMPLATE_Coast_to_EEZ.shp RECUREND DATE # # # "Recur End" NON_NULLABLE NON_REQUIRED #</Process><Process Name="AUTHOR" ToolSource="C:\Program Files\ArcGIS\Desktop10.0\ArcToolbox\Toolboxes\Data Management Tools.tbx\AddField" Date="20120320" Time="143315">AddField \\Nerserver8b\GISDATA\_DEAN_staging\PROJECTS\SFD___REG_AREAS_CREATION\data\1_raw\USE_TEMPLATE_Coast_to_EEZ.shp AUTHOR TEXT # # 50 Author NON_NULLABLE NON_REQUIRED #</Process><Process Name="CREATED" ToolSource="C:\Program Files\ArcGIS\Desktop10.0\ArcToolbox\Toolboxes\Data Management Tools.tbx\AddField" Date="20120320" Time="143317">AddField \\Nerserver8b\GISDATA\_DEAN_staging\PROJECTS\SFD___REG_AREAS_CREATION\data\1_raw\USE_TEMPLATE_Coast_to_EEZ.shp CREATED DATE # # # "Date Created" NON_NULLABLE NON_REQUIRED #</Process><Process ToolSource="C:\Program Files\ArcGIS\Desktop10.0\ArcToolbox\Toolboxes\Data Management Tools.tbx\CalculateField" Date="20120716" Time="105249">CalculateField ALWTRP_Exempted_and_Regulated_Waters EXEMPT 1 VB #</Process><Process ToolSource="C:\Program Files\ArcGIS\Desktop10.0\ArcToolbox\Toolboxes\Data Management Tools.tbx\CalculateField" Date="20120716" Time="105356">CalculateField ALWTRP_Exempted_and_Regulated_Waters EXEMPT 1 VB #</Process><Process ToolSource="C:\Program Files\ArcGIS\Desktop10.0\ArcToolbox\Toolboxes\Data Management Tools.tbx\CalculateField" Date="20120716" Time="105435">CalculateField ALWTRP_Exempted_and_Regulated_Waters EXEMPT 1 VB #</Process><Process ToolSource="C:\Program Files\ArcGIS\Desktop10.0\ArcToolbox\Toolboxes\Data Management Tools.tbx\CalculateField" Date="20120716" Time="105501">CalculateField ALWTRP_Exempted_and_Regulated_Waters EXEMPT 1 VB #</Process><Process ToolSource="C:\Program Files\ArcGIS\Desktop10.0\ArcToolbox\Toolboxes\Data Management Tools.tbx\CalculateField" Date="20120716" Time="105531">CalculateField ALWTRP_Exempted_and_Regulated_Waters EXEMPT 1 VB #</Process><Process ToolSource="C:\Program Files\ArcGIS\Desktop10.0\ArcToolbox\Toolboxes\Data Management Tools.tbx\CalculateField" Date="20120716" Time="110118">CalculateField ALWTRP_Exempted_and_Regulated_Waters EXEMPT 1 VB #</Process><Process ToolSource="C:\Program Files\ArcGIS\Desktop10.0\ArcToolbox\Toolboxes\Data Management Tools.tbx\CalculateField" Date="20120716" Time="110229">CalculateField ALWTRP_Exempted_and_Regulated_Waters EXEMPT 1 VB #</Process><Process ToolSource="C:\Program Files\ArcGIS\Desktop10.0\ArcToolbox\Toolboxes\Data Management Tools.tbx\CalculateField" Date="20120716" Time="110422">CalculateField ALWTRP_Exempted_and_Regulated_Waters EXEMPT 1 VB #</Process><Process ToolSource="C:\Program Files\ArcGIS\Desktop10.0\ArcToolbox\Toolboxes\Data Management Tools.tbx\CalculateField" Date="20120716" Time="110531">CalculateField ALWTRP_Exempted_and_Regulated_Waters EXEMPT 1 VB #</Process><Process ToolSource="C:\Program Files\ArcGIS\Desktop10.0\ArcToolbox\Toolboxes\Data Management Tools.tbx\CalculateField" Date="20120716" Time="110733">CalculateField ALWTRP_Exempted_and_Regulated_Waters EXEMPT 1 VB #</Process><Process ToolSource="C:\Program Files\ArcGIS\Desktop10.0\ArcToolbox\Toolboxes\Data Management Tools.tbx\CalculateField" Date="20120716" Time="112611">CalculateField ALWTRP_Exempted_and_Regulated_Waters EXEMPT 1 VB #</Process><Process ToolSource="C:\Program Files\ArcGIS\Desktop10.0\ArcToolbox\Toolboxes\Data Management Tools.tbx\CalculateField" Date="20120716" Time="112818">CalculateField ALWTRP_Exempted_and_Regulated_Waters EXEMPT 1 VB #</Process><Process ToolSource="C:\Program Files\ArcGIS\Desktop10.0\ArcToolbox\Toolboxes\Data Management Tools.tbx\CalculateField" Date="20120716" Time="112850">CalculateField ALWTRP_Exempted_and_Regulated_Waters EXEMPT 1 VB #</Process><Process ToolSource="C:\Program Files\ArcGIS\Desktop10.0\ArcToolbox\Toolboxes\Data Management Tools.tbx\CalculateField" Date="20120716" Time="113637">CalculateField ALWTRP_Exempted_and_Regulated_Waters EXEMPT 1 VB #</Process><Process ToolSource="C:\Program Files\ArcGIS\Desktop10.0\ArcToolbox\Toolboxes\Data Management Tools.tbx\CalculateField" Date="20120716" Time="113647">CalculateField ALWTRP_Exempted_and_Regulated_Waters EXEMPT 1 VB #</Process><Process ToolSource="C:\Program Files\ArcGIS\Desktop10.0\ArcToolbox\Toolboxes\Data Management Tools.tbx\CalculateField" Date="20120716" Time="113706">CalculateField ALWTRP_Exempted_and_Regulated_Waters EXEMPT 1 VB #</Process><Process ToolSource="c:\program files\arcgis\desktop10.0\ArcToolbox\Toolboxes\Data Management Tools.tbx\CalculateField" Date="20120719" Time="115925">CalculateField ALWTRP_Exempted_and_Regulated_Waters_NAD83 EXEMPT 1 VB #</Process><Process ToolSource="c:\program files\arcgis\desktop10.0\ArcToolbox\Toolboxes\Data Management Tools.tbx\CalculateField" Date="20120719" Time="133106">CalculateField ALWTRP_Exempted_and_Regulated_Waters EXEMPT 1 VB #</Process><Process ToolSource="C:\Program Files\ArcGIS\Desktop10.0\ArcToolbox\Toolboxes\Data Management Tools.tbx\CalculateField" Date="20120814" Time="123642">CalculateField ALWTRP_Exempted_and_Regulated_Waters AREANAME "ALWTRP Exempted Waters" VB #</Process><Process ToolSource="C:\Program Files\ArcGIS\Desktop10.0\ArcToolbox\Toolboxes\Data Management Tools.tbx\CalculateField" Date="20120814" Time="123847">CalculateField ALWTRP_Exempted_and_Regulated_Waters AREANAME "ALWTRP Exempted Waters" VB #</Process></lineage><copyHistory><copy source="H:\ALWTRT\GIS Shapefiles\ALWTRP_Exempted_and_Regulated_Waters" dest="\\NERLPRDFGPVVD2\C$\Users\michael.asaro\Desktop\Dean\ALWTRP_Exempted_and_Regulated_Waters" date="20190424" time="18265900"/></copyHistory></DataProperties><SyncDate>20120816</SyncDate><SyncTime>12561700</SyncTime><ModDate>20120816</ModDate><ModTime>12561700</ModTime><ArcGISFormat>1.0</ArcGISFormat></Esri><dataIdInfo><idPurp>*** DRAFT ***
DO NOT DISTRIBUTE
*** DRAFT ***
This is a DRAFT data set, which has not been reviewed or vetted.  No guarantees are made regarding its accuracy. It should not be distributed to other parties.</idPurp><idAbs>&lt;DIV STYLE="text-align:Left;"&gt;&lt;DIV&gt;&lt;P&gt;&lt;SPAN&gt;*** DRAFT ***&lt;/SPAN&gt;&lt;/P&gt;&lt;P&gt;&lt;SPAN STYLE="font-weight:bold;"&gt;DO NOT DISTRIBUTE&lt;/SPAN&gt;&lt;/P&gt;&lt;P&gt;&lt;SPAN&gt;*** DRAFT ***&lt;/SPAN&gt;&lt;/P&gt;&lt;P&gt;&lt;SPAN&gt;This is a DRAFT data set, which has not been reviewed or vetted.  No guarantees are made regarding its accuracy. It should not be distributed to other parties.&lt;/SPAN&gt;&lt;/P&gt;&lt;/DIV&gt;&lt;/DIV&gt;</idAbs><envirDesc Sync="TRUE">Microsoft Windows XP Version 5.1 (Build 2600) Service Pack 3; ESRI ArcGIS 10.0.4.4000</envirDesc><dataLang><languageCode value="en" Sync="TRUE"></languageCode><countryCode value="US" Sync="TRUE"></countryCode></dataLang><idCitation><resTitle Sync="TRUE">DRAFT_ALWTRP_Exempted_and_Regulated_Waters</resTitle><presForm><PresFormCd value="005" Sync="TRUE"></PresFormCd></presForm></idCitation><spatRpType><SpatRepTypCd value="001" Sync="TRUE"></SpatRepTypCd></spatRpType><dataExt><geoEle><GeoBndBox esriExtentType="search"><exTypeCode Sync="TRUE">1</exTypeCode><westBL Sync="TRUE">-82.041618</westBL><eastBL Sync="TRUE">-65.699472</eastBL><northBL Sync="TRUE">45.191797</northBL><southBL Sync="TRUE">24.161602</southBL></GeoBndBox></geoEle></dataExt></dataIdInfo><eainfo><detailed Name="DRAFT_ALWTRP_Exempted_and_Regulated_Waters"><enttyp><enttypl Sync="TRUE">DRAFT_ALWTRP_Exempted_and_Regulated_Waters</enttypl><enttypt Sync="TRUE">Feature Class</enttypt><enttypc Sync="TRUE">101</enttypc></enttyp><attr><attrlabl Sync="TRUE">FID</attrlabl><attalias Sync="TRUE">FID</attalias><attrtype Sync="TRUE">OID</attrtype><attwidth Sync="TRUE">4</attwidth><atprecis Sync="TRUE">0</atprecis><attscale Sync="TRUE">0</attscale><attrdef Sync="TRUE">Internal feature number.</attrdef><attrdefs Sync="TRUE">ESRI</attrdefs><attrdomv><udom Sync="TRUE">Sequential unique whole numbers that are automatically generated.</udom></attrdomv></attr><attr><attrlabl Sync="TRUE">Shape</attrlabl><attalias Sync="TRUE">Shape</attalias><attrtype Sync="TRUE">Geometry</attrtype><attwidth Sync="TRUE">0</attwidth><atprecis Sync="TRUE">0</atprecis><attscale Sync="TRUE">0</attscale><attrdef Sync="TRUE">Feature geometry.</attrdef><attrdefs Sync="TRUE">ESRI</attrdefs><attrdomv><udom Sync="TRUE">Coordinates defining the features.</udom></attrdomv></attr><attr><attrlabl Sync="TRUE">Id</attrlabl><attalias Sync="TRUE">Id</attalias><attrtype Sync="TRUE">Integer</attrtype><attwidth Sync="TRUE">6</attwidth><atprecis Sync="TRUE">6</atprecis><attscale Sync="TRUE">0</attscale></attr><attr><attrlabl Sync="TRUE">AREANAME</attrlabl><attalias Sync="TRUE">AREANAME</attalias><attrtype Sync="TRUE">String</attrtype><attwidth Sync="TRUE">150</attwidth><atprecis Sync="TRUE">0</atprecis><attscale Sync="TRUE">0</attscale></attr><attr><attrlabl Sync="TRUE">COMMNAME</attrlabl><attalias Sync="TRUE">COMMNAME</attalias><attrtype Sync="TRUE">String</attrtype><attwidth Sync="TRUE">150</attwidth><atprecis Sync="TRUE">0</atprecis><attscale Sync="TRUE">0</attscale></attr><attr><attrlabl Sync="TRUE">AREAGROUP</attrlabl><attalias Sync="TRUE">AREAGROUP</attalias><attrtype Sync="TRUE">String</attrtype><attwidth Sync="TRUE">150</attwidth><atprecis Sync="TRUE">0</atprecis><attscale Sync="TRUE">0</attscale></attr><attr><attrlabl Sync="TRUE">AREATYPE</attrlabl><attalias Sync="TRUE">AREATYPE</attalias><attrtype Sync="TRUE">String</attrtype><attwidth Sync="TRUE">150</attwidth><atprecis Sync="TRUE">0</atprecis><attscale Sync="TRUE">0</attscale></attr><attr><attrlabl Sync="TRUE">DESCRIBE</attrlabl><attalias Sync="TRUE">DESCRIBE</attalias><attrtype Sync="TRUE">String</attrtype><attwidth Sync="TRUE">254</attwidth><atprecis Sync="TRUE">0</atprecis><attscale Sync="TRUE">0</attscale></attr><attr><attrlabl Sync="TRUE">CFRTITLE</attrlabl><attalias Sync="TRUE">CFRTITLE</attalias><attrtype Sync="TRUE">String</attrtype><attwidth Sync="TRUE">2</attwidth><atprecis Sync="TRUE">0</atprecis><attscale Sync="TRUE">0</attscale></attr><attr><attrlabl Sync="TRUE">CFRPT</attrlabl><attalias Sync="TRUE">CFRPT</attalias><attrtype Sync="TRUE">String</attrtype><attwidth Sync="TRUE">3</attwidth><atprecis Sync="TRUE">0</atprecis><attscale Sync="TRUE">0</attscale></attr><attr><attrlabl Sync="TRUE">CFRPTTXT</attrlabl><attalias Sync="TRUE">CFRPTTXT</attalias><attrtype Sync="TRUE">String</attrtype><attwidth Sync="TRUE">150</attwidth><atprecis Sync="TRUE">0</atprecis><attscale Sync="TRUE">0</attscale></attr><attr><attrlabl Sync="TRUE">CFRSUB</attrlabl><attalias Sync="TRUE">CFRSUB</attalias><attrtype Sync="TRUE">String</attrtype><attwidth Sync="TRUE">2</attwidth><atprecis Sync="TRUE">0</atprecis><attscale Sync="TRUE">0</attscale></attr><attr><attrlabl Sync="TRUE">CFRSUBTXT</attrlabl><attalias Sync="TRUE">CFRSUBTXT</attalias><attrtype Sync="TRUE">String</attrtype><attwidth Sync="TRUE">150</attwidth><atprecis Sync="TRUE">0</atprecis><attscale Sync="TRUE">0</attscale></attr><attr><attrlabl Sync="TRUE">CFRSXN</attrlabl><attalias Sync="TRUE">CFRSXN</attalias><attrtype Sync="TRUE">String</attrtype><attwidth Sync="TRUE">15</attwidth><atprecis Sync="TRUE">0</atprecis><attscale Sync="TRUE">0</attscale></attr><attr><attrlabl Sync="TRUE">CFRSXNTXT</attrlabl><attalias Sync="TRUE">CFRSXNTXT</attalias><attrtype Sync="TRUE">String</attrtype><attwidth Sync="TRUE">150</attwidth><atprecis Sync="TRUE">0</atprecis><attscale Sync="TRUE">0</attscale></attr><attr><attrlabl Sync="TRUE">CFRPARA</attrlabl><attalias Sync="TRUE">CFRPARA</attalias><attrtype Sync="TRUE">String</attrtype><attwidth Sync="TRUE">25</attwidth><atprecis Sync="TRUE">0</atprecis><attscale Sync="TRUE">0</attscale></attr><attr><attrlabl Sync="TRUE">CFRPARATXT</attrlabl><attalias Sync="TRUE">CFRPARATXT</attalias><attrtype Sync="TRUE">String</attrtype><attwidth Sync="TRUE">150</attwidth><atprecis Sync="TRUE">0</atprecis><attscale Sync="TRUE">0</attscale></attr><attr><attrlabl Sync="TRUE">FRCITE</attrlabl><attalias Sync="TRUE">FRCITE</attalias><attrtype Sync="TRUE">String</attrtype><attwidth Sync="TRUE">254</attwidth><atprecis Sync="TRUE">0</atprecis><attscale Sync="TRUE">0</attscale></attr><attr><attrlabl Sync="TRUE">FRDATE</attrlabl><attalias Sync="TRUE">FRDATE</attalias><attrtype Sync="TRUE">Date</attrtype><attwidth Sync="TRUE">8</attwidth><atprecis Sync="TRUE">0</atprecis><attscale Sync="TRUE">0</attscale></attr><attr><attrlabl Sync="TRUE">EFFECTDATE</attrlabl><attalias Sync="TRUE">EFFECTDATE</attalias><attrtype Sync="TRUE">Date</attrtype><attwidth Sync="TRUE">8</attwidth><atprecis Sync="TRUE">0</atprecis><attscale Sync="TRUE">0</attscale></attr><attr><attrlabl Sync="TRUE">SOURCE</attrlabl><attalias Sync="TRUE">SOURCE</attalias><attrtype Sync="TRUE">String</attrtype><attwidth Sync="TRUE">254</attwidth><atprecis Sync="TRUE">0</atprecis><attscale Sync="TRUE">0</attscale></attr><attr><attrlabl Sync="TRUE">RECUR</attrlabl><attalias Sync="TRUE">RECUR</attalias><attrtype Sync="TRUE">String</attrtype><attwidth Sync="TRUE">150</attwidth><atprecis Sync="TRUE">0</atprecis><attscale Sync="TRUE">0</attscale></attr><attr><attrlabl Sync="TRUE">RECURST</attrlabl><attalias Sync="TRUE">RECURST</attalias><attrtype Sync="TRUE">Date</attrtype><attwidth Sync="TRUE">8</attwidth><atprecis Sync="TRUE">0</atprecis><attscale Sync="TRUE">0</attscale></attr><attr><attrlabl Sync="TRUE">RECUREND</attrlabl><attalias Sync="TRUE">RECUREND</attalias><attrtype Sync="TRUE">Date</attrtype><attwidth Sync="TRUE">8</attwidth><atprecis Sync="TRUE">0</atprecis><attscale Sync="TRUE">0</attscale></attr><attr><attrlabl Sync="TRUE">AUTHOR</attrlabl><attalias Sync="TRUE">AUTHOR</attalias><attrtype Sync="TRUE">String</attrtype><attwidth Sync="TRUE">50</attwidth><atprecis Sync="TRUE">0</atprecis><attscale Sync="TRUE">0</attscale></attr><attr><attrlabl Sync="TRUE">CREATED</attrlabl><attalias Sync="TRUE">CREATED</attalias><attrtype Sync="TRUE">Date</attrtype><attwidth Sync="TRUE">8</attwidth><atprecis Sync="TRUE">0</atprecis><attscale Sync="TRUE">0</attscale></attr><attr><attrlabl Sync="TRUE">EXEMPT</attrlabl><attalias Sync="TRUE">EXEMPT</attalias><attrtype Sync="TRUE">SmallInteger</attrtype><attwidth Sync="TRUE">4</attwidth><atprecis Sync="TRUE">4</atprecis><attscale Sync="TRUE">0</attscale></attr></detailed></eainfo><mdLang><languageCode value="en" Sync="TRUE"></languageCode><countryCode value="US" Sync="TRUE"></countryCode></mdLang><distInfo><distFormat><formatName Sync="TRUE">Shapefile</formatName></distFormat><distTranOps><transSize Sync="TRUE">16.561</transSize></distTranOps></distInfo><mdHrLv><ScopeCd value="005" Sync="TRUE"></ScopeCd></mdHrLv><mdHrLvName Sync="TRUE">dataset</mdHrLvName><refSysInfo><RefSystem><refSysID><identCode code="4269" Sync="TRUE" value="4269"></identCode><idCodeSpace Sync="TRUE">EPSG</idCodeSpace><idVersion Sync="TRUE">7.4.1</idVersion></refSysID></RefSystem></refSysInfo><spatRepInfo><VectSpatRep><geometObjs Name="DRAFT_ALWTRP_Exempted_and_Regulated_Waters"><geoObjTyp><GeoObjTypCd value="002" Sync="TRUE"></GeoObjTypCd></geoObjTyp><geoObjCnt Sync="TRUE">101</geoObjCnt></geometObjs><topLvl><TopoLevCd value="001" Sync="TRUE"></TopoLevCd></topLvl></VectSpatRep></spatRepInfo><spdoinfo><ptvctinf><esriterm><efeatyp Sync="TRUE">Simple</efeatyp><efeageom code="4" Sync="TRUE"></efeageom><esritopo Sync="TRUE">FALSE</esritopo><efeacnt Sync="TRUE">101</efeacnt><spindex Sync="TRUE">TRUE</spindex><linrefer Sync="TRUE">FALSE</linrefer></esriterm></ptvctinf></spdoinfo><mdDateSt Sync="TRUE">20120816</mdDateSt></metadata>
